;linkedinProfile;email;headline;location;imgUrl;firstName;lastName;fullName;subscribers;connectionDegree;vmid;userId;linkedinSalesNavigatorUrl;connectionsCount;connectionsUrl;mutualConnectionsUrl;mutualConnectionsText;mail;company;companyUrl;jobTitle;jobDescription;jobLocation;jobDateRange;company2;companyUrl2;jobTitle2;jobDescription2;jobLocation2;jobDateRange2;school;schoolUrl;schoolDegree;schoolDescription;schoolDateRange;school2;schoolUrl2;schoolDegree2;schoolDateRange2;civilityFromDropContact;phoneNumberFromDropContact;naf5CodeFromDropContact;naf5DesFromDropContact;nbEmployeesFromDropContact;sirenFromDropContact;siretFromDropContact;siretAddressFromDropContact;siretZipFromDropContact;vatFromDropContact;websiteFromDropContact;birthday;companyWebsite;allSkills;skill1;endorsement1;skill2;endorsement2;skill3;endorsement3;skill4;endorsement4;skill5;endorsement5;skill6;endorsement6;baseUrl;profileId;timestamp;phoneNumber;schoolDescription2;mailFromDropcontact;qualificationFromDropContact;website;description
0;https://www.linkedin.com/in/marie-dorelle-98a3b4106/;mariedorelle@gmail.com;Consultante confirmÃ©e - Square Management;France;https://media.licdn.com/dms/image/C4E03AQGTquVEnvcMvw/profile-displayphoto-shrink_800_800/0/1606824524637?e=1677110400&v=beta&t=pBXEKST_7hXa0ldg5_eu8sTb0ATUYNYIV7EywtkvQEY;Marie;Dorelle;Marie Dorelle;696.0;1er;ACoAABrBX3oBYLzebMjZrSd_hI3vZOwJlBuu2yg;448880506;https://www.linkedin.com/sales/people/ACoAABrBX3oBYLzebMjZrSd_hI3vZOwJlBuu2yg,name;694.0;https://www.linkedin.com/search/results/people/?facetConnectionOf=%5B%22ACoAABrBX3oBYLzebMjZrSd_hI3vZOwJlBuu2yg%22%5D&facetNetwork=%5B%22F%22%2C%22S%22%5D&origin=MEMBER_PROFILE_CANNED_SEARCH;https://www.linkedin.com/search/results/people/?facetNetwork=%5B%22F%22%5D&facetConnectionOf=%5B%22ACoAABrBX3oBYLzebMjZrSd_hI3vZOwJlBuu2yg%22%5D&origin=MEMBER_PROFILE_CANNED_SEARCH&RESULT_TYPE=PEOPLE;10Â relations en communÂ : Martyna PAWELA, JÃ©rÃ©my THERESINE et 8Â autres personnes;mariedorelle@gmail.com;Square Management;https://www.linkedin.com/company/2314865/;Consultante confirmÃ©e Digital;â€¢  Mission Product Owner sur application parcours achats Ã  la SociÃ©tÃ© GÃ©nÃ©rale (2021);Ville de Paris, ÃŽle-de-France, France;oct. 2021 - aujourdâ€™hui Â· 1Â an 3 mois;Beijaflore;https://www.linkedin.com/company/162680/;Consultante Digitale;"â€¢  Mission Responsable applicative / Chef de projets chez Suez (2021)
â€¢  Mission Projet et Support N2 eCRM chez Pernod-Ricard (2019-2020)";Ville de Paris, ÃŽle-de-France, France;nov. 2019 - oct. 2021 Â· 2Â ans;UniversitÃ© Paris Dauphine- PSL;https://www.linkedin.com/company/15092700/;Master 2 (M2), Business Consulting in Organization & IT (MBC 128);Alternance chez easiware (Ã©diteur de logiciel) en Gestion de Projets;2018 - 2019;Universidad Pontificia Comillas ICAI-ICADE;https://www.linkedin.com/company/1007594/;Double Licence, Administration et Direction d'Entreprises, Mention Internationale (E4);2016 - 2018;Mrs;+33 1 46 40 40 00;70.22Z;Conseil pour les affaires et autres conseils de gestion;UnitÃ©s non employeuses;507567493.0;50756749300022.0;173 Avenue Achille Peretti;92200.0;FR80507567493;www.square-management.com;4 juillet;http://www.square-management.com;Management, Service client, Microsoft Excel, Microsoft Office, RÃ©seaux sociaux, ComptabilitÃ©, Pack Office, Travail dâ€™Ã©quipe, Microsoft Word, Marketing relationnel, EfficacitÃ© organisationnelle, RÃ©fÃ©rencement publicitaire, Planification dâ€™Ã©vÃ¨nements, Microsoft Access, SPSS;Management;5.0;Service client;5.0;Microsoft Excel;3;Microsoft Office;2.0;RÃ©seaux sociaux;2.0;ComptabilitÃ©;1.0;https://www.linkedin.com/in/marie-dorelle-98a3b4106/;marie-dorelle-98a3b4106;2022-12-19T17:09:21.681Z;;;;;;
1;https://www.linkedin.com/in/rapha%C3%ABl-macquet-rapmac/;macquetraphael@gmail.com;Data Engineer Freelance;France;https://media.licdn.com/dms/image/D4E03AQE-1mYXP9zg2g/profile-displayphoto-shrink_800_800/0/1667321153038?e=1677110400&v=beta&t=yUW30hlR2ElWy3Yu3b_h590dK2W1g9wR-_-8ObpLMF0;RaphaÃ«l;Macquet;RaphaÃ«l Macquet;;;ACoAABsN3e0BdrnrEaTz3mzn9WCXCLuvq8RJjLk;453893613;https://www.linkedin.com/sales/people/ACoAABsN3e0BdrnrEaTz3mzn9WCXCLuvq8RJjLk,name;1217.0;https://www.linkedin.com/search/results/people/?facetConnectionOf=%5B%22ACoAABsN3e0BdrnrEaTz3mzn9WCXCLuvq8RJjLk%22%5D&facetNetwork=%5B%22F%22%2C%22S%22%5D&origin=MEMBER_PROFILE_CANNED_SEARCH;https://www.linkedin.com/search/results/people/?facetNetwork=%5B%22F%22%5D&facetConnectionOf=%5B%22ACoAABsN3e0BdrnrEaTz3mzn9WCXCLuvq8RJjLk%22%5D&origin=MEMBER_PROFILE_CANNED_SEARCH&RESULT_TYPE=PEOPLE;;macquetraphael@gmail.com;Ipsen;https://www.linkedin.com/company/8511/;Data Engineer;"> Interconnexion Ã  l'API (JIRA) pour PowerBI
> PrÃ©-transformation des donnÃ©es, enrichissement";;oct. 2022 - aujourdâ€™hui Â· 3Â mois;Zeep;https://www.linkedin.com/company/71723981/;Co-Founder;Zeep est une application qui permet de commander et de payer Ã  l'avance votre rÃ©servation sur place dans un restaurant. Ainsi vous Ãªtes servi dÃ¨s votre votre arrivÃ©e.;Paris, ÃŽle-de-France, France;janv. 2021 - aujourdâ€™hui Â· 2Â ans;TÃ©lÃ©com SudParis;https://www.linkedin.com/company/15141575/;Master of Engineering - MEng, Telecommunications;"Master of Engineering [specialty: Integration and Deployment of Information Systems]
>Courses of Specialty: Software Architecture, Technical Architecture, Cloud Computing, Big Data, Software Engineering in IS Conception, Development and Deployment of an IS
>Relevant courses: Mathematics, Probability & Statistics, Economy, Management, Project management, Algorithms programming, Databases, High-Frequencies Physics, Information Theory";2017 - 2020;EDHEC Business School;https://www.linkedin.com/company/16001/;Master's degree, Business Administration and Management, General;2020 - 2022;Mr;+33 1 58 33 50 00;70.10Z;ActivitÃ©s des siÃ¨ges sociaux;GE;419838529.0;41983852900040.0;65 Quai Georges Gorse;92100.0;FR87419838529;www.ipsen.com;;http://www.ipsen.com;Leadership, RÃ©seaux sociaux, Parler en public, Microsoft PowerPoint, Microsoft Word, Cloud Computing, Big Data, Snowflake, SAP HANA, Microsoft Power BI, JIRA, Azure Data Factory, API Google Maps, PostgreSQL, Firebase, React.js, Google Cloud Platform (GCP), Azure Databricks, Microsoft Azure, Python (langage de programmation), Spotfire, IT Project & Program Management, API REST, Microsoft Office;Leadership;4.0;RÃ©seaux sociaux;3.0;Parler en public;2;Microsoft PowerPoint;2.0;Microsoft Word;2.0;Cloud Computing;1.0;https://www.linkedin.com/in/rapha%C3%ABl-macquet-rapmac/;rapha%C3%ABl-macquet-rapmac;2022-12-19T17:09:58.088Z;;;;;;
2;https://www.linkedin.com/in/louis-fenouil/;louis_fenouil@hotmail.fr;ESSEC | Phelma Grenoble-INP;Paris, ÃŽle-de-France, France;https://media.licdn.com/dms/image/C4D03AQFApm2HToK5Lw/profile-displayphoto-shrink_800_800/0/1636491604258?e=1677110400&v=beta&t=K8Ym-oEYWT5Q3uHZquMLsfYt8xmQLvhvk-ZamDWtrMI;Louis;Fenouil;Louis Fenouil;;1er;ACoAACjmkCUBrhE6hLyReOiwZ7DL3We6UqVCudI;686198821;https://www.linkedin.com/sales/people/ACoAACjmkCUBrhE6hLyReOiwZ7DL3We6UqVCudI,name;;https://www.linkedin.com/search/results/people/?facetConnectionOf=%5B%22ACoAACjmkCUBrhE6hLyReOiwZ7DL3We6UqVCudI%22%5D&facetNetwork=%5B%22F%22%2C%22S%22%5D&origin=MEMBER_PROFILE_CANNED_SEARCH;https://www.linkedin.com/search/results/people/?facetNetwork=%5B%22F%22%5D&facetConnectionOf=%5B%22ACoAACjmkCUBrhE6hLyReOiwZ7DL3We6UqVCudI%22%5D&origin=MEMBER_PROFILE_CANNED_SEARCH&RESULT_TYPE=PEOPLE;;louis_fenouil@hotmail.fr;Sofinnova Partners;https://www.linkedin.com/company/45298/;MD Start Junior Intern;"Six months internship in the MD Start seed fund, conducting deal flow analysis and business related diligences for incubated companies. 

Sofinnova Partners is an independent venture capital firm based in Paris and investing in early-stage companies in Life Sciences. Over the past 50 years, the firm has financed and accompanied almost 500 companies.";;juil. 2022 - aujourdâ€™hui Â· 6Â mois;Assystem Care;https://www.linkedin.com/company/2189492/;Digital transformation consultant CQV (Commissioning, Qualification and Validation);"Development of in-house software for digitalization of CQV (Commissioning, Qualification, Validation) processes:
-	Review of competing software
-	Interview of the different departments that will use the software
-	Drafting the functional analysis
-	Participation in the implementation of the software development";Lyon, Auvergne-RhÃ´ne-Alpes, France;fÃ©vr. 2021 - aoÃ»t 2021 Â· 7Â mois;ESSEC Business School;https://www.linkedin.com/company/11415/;Master in Management - Programme Grande Ecole;"#3rd Master in Management, Worldwide (FT 2020)
Member of the ESSEC Innovation and Health Chair â€“ Option: Health Systems";sept. 2021 - sept. 2023;Ecole polytechnique fÃ©dÃ©rale de Lausanne;https://www.linkedin.com/company/3883/;Life sciences;2020 - 2021;Mr;+33 1 76 23 41 00;66.30Z;Gestion de fonds;20-49;413388596.0;41338859600046.0;7 Boulevard Haussmann;75009.0;FR42413388596;www.sofinnovapartners.com;14 fÃ©vrier;http://sofinnovapartners.com/;Ã‰lectronique, Biotechnologie, Python, Physique, Biologie molÃ©culaire, Semi-conducteurs, Traitement du signal, MathÃ©matiques, Analyse de donnÃ©es, C, MATLAB, Espagnol, FranÃ§ais, Anglais, Simulation numÃ©rique;Ã‰lectronique;;Biotechnologie;;Python;2;Physique;1.0;Biologie molÃ©culaire;;Semi-conducteurs;;https://www.linkedin.com/in/louis-fenouil/;louis-fenouil;2022-12-19T17:10:40.088Z;664712541.0;"Exchange program.
Courses: neuroprosthetics, flexible bioelectronics, applied data analysis.";;;;
3;https://www.linkedin.com/in/charles-garnier/;charles.garnier@outlook.com;Account Executive - Founding Team @Karmen ðŸš€;Paris, ÃŽle-de-France, France;https://media.licdn.com/dms/image/C4E03AQFH_n313T7lEA/profile-displayphoto-shrink_800_800/0/1653906092304?e=1677110400&v=beta&t=XDpCGVw0K1u6oY_ZH8763ipd6rxHjVjW9AYa8Doxzu4;Charles;Garnier;Charles Garnier;;1er;ACoAACQfyhsBEbBE6lR3oFA3926YJVCat3BcxFQ;606063131;https://www.linkedin.com/sales/people/ACoAACQfyhsBEbBE6lR3oFA3926YJVCat3BcxFQ,name;;https://www.linkedin.com/search/results/people/?facetConnectionOf=%5B%22ACoAACQfyhsBEbBE6lR3oFA3926YJVCat3BcxFQ%22%5D&facetNetwork=%5B%22F%22%2C%22S%22%5D&origin=MEMBER_PROFILE_CANNED_SEARCH;https://www.linkedin.com/search/results/people/?facetNetwork=%5B%22F%22%5D&facetConnectionOf=%5B%22ACoAACQfyhsBEbBE6lR3oFA3926YJVCat3BcxFQ%22%5D&origin=MEMBER_PROFILE_CANNED_SEARCH&RESULT_TYPE=PEOPLE;;charles.garnier@outlook.com;Karmen;https://www.linkedin.com/company/11800221/;Account Executive - Founding Team;"At Karmen, our mission is to unleash your growth potential by redesigning access to capital!
Karmen accelerates the growth of digital businesses with non-dilutive financing. ðŸ’°

Our simple, fast (< 48h) and flexible debt line allows you to unlock funds to support your investments on key expense items such as:
- Customer acquisition (ads, marketing)
- Recruitment
- Inventory and invoice financing
With Karmen, you unlock immediate cash that boosts your performance, while keeping control of your business.

ðŸ’¡ We raised â‚¬22M from prestigious international investors to democratize access to non-dilutive financing for businesses.

For more info â†’ https://www.karmen.io";Paris, ÃŽle-de-France, France;mai 2022 - aujourdâ€™hui Â· 8Â mois;Margo;https://www.linkedin.com/company/1315545/;Business Manager;"- Development and retention of a portfolio of key accounts from scratch
- Management of the entire sales cycle from prospecting to closing, including the various stages of negotiation
- Management of a team of consultants on assignment and management of the relationship with the client";Ville de Paris, ÃŽle-de-France, France;sept. 2021 - mai 2022 Â· 9Â mois;Institut Mines-TÃ©lÃ©com Business School;https://www.linkedin.com/company/328768/;PGE - Master II SystÃ¨mes d'Informations pour la Finance de MarchÃ© (SIF);;2017 - 2021;Lycee Notre Dame de Sion;;Classes prÃ©paratoires aux grandes Ã©coles (CPGE) - ECS;2014 - 2017;Mr;+33 6 23 88 40 26;55..3A;;;344389580.0;34438958000020.0;73 Boulevard de Magenta;75010.0;FR24344389580;www.karmen.io;;https://www.karmen.io/;Travail dâ€™Ã©quipe, StratÃ©gie IT, Ressources humaines, RÃ©seaux sociaux, Planification dâ€™Ã©vÃ¨nements, Planification de projets, Consulting stratÃ©gique, Gestion de projet, Consulting, IT, Conseil en investissements, DÃ©veloppement de start-ups, Leadership, Management, Conseil SI;Travail dâ€™Ã©quipe;4.0;StratÃ©gie IT;3.0;Ressources humaines;2;RÃ©seaux sociaux;2.0;Planification dâ€™Ã©vÃ¨nements;2.0;Planification de projets;2.0;https://www.linkedin.com/in/charles-garnier/;charles-garnier;2022-12-19T17:11:11.975Z;;;charles@karmen.io;nominative@pro;karmen.io;
4;https://www.linkedin.com/in/charles-delaye/;charles.delaye@fr.pwc.com;Consultant Junior en Gestion des Risques et Audit Interne chez PwC France;Lyon et pÃ©riphÃ©rie;https://media.licdn.com/dms/image/C5603AQGzIOl9_OwwHA/profile-displayphoto-shrink_800_800/0/1539603369449?e=1677110400&v=beta&t=6r0kT6CRj-lrRW0-pNHa5DaNqpLEJnT8dsdNu6MApVU;Charles;Delaye;Charles Delaye;;1er;ACoAACQAz7sBznykqoSd5ZnGmCEw4ybmAu2UGdg;604032955;https://www.linkedin.com/sales/people/ACoAACQAz7sBznykqoSd5ZnGmCEw4ybmAu2UGdg,name;;https://www.linkedin.com/search/results/people/?facetConnectionOf=%5B%22ACoAACQAz7sBznykqoSd5ZnGmCEw4ybmAu2UGdg%22%5D&facetNetwork=%5B%22F%22%2C%22S%22%5D&origin=MEMBER_PROFILE_CANNED_SEARCH;https://www.linkedin.com/search/results/people/?facetNetwork=%5B%22F%22%5D&facetConnectionOf=%5B%22ACoAACQAz7sBznykqoSd5ZnGmCEw4ybmAu2UGdg%22%5D&origin=MEMBER_PROFILE_CANNED_SEARCH&RESULT_TYPE=PEOPLE;;;PwC France;https://www.linkedin.com/company/3230748/;Consultant Junior en Gestion des Risques et Audit Interne;;Neuilly-sur-Seine, ÃŽle-de-France, France;nov. 2021 - aujourdâ€™hui Â· 1Â an 2 mois;Vivendi;https://www.linkedin.com/company/4110/;Auditeur interne;Missions de revue des processus opÃ©rationnels et financiers des filiales du Groupe Vivendi (Canal+, Universal Music Group, Gameloft, Havas, Editis, Dailymotion, Vivendi Village) et rÃ©daction de recommandations;Ville de Paris, ÃŽle-de-France, France;janv. 2021 - juin 2021 Â· 6Â mois;emlyon business school;https://www.linkedin.com/company/18361/;Programme Grande Ecole, Msc in Management;"Top 4 France & Top 14 World according to QS World University Ranking 2020.

A1 - Programme Grandes Ecoles (EM Lyon)
Cours : Droit des affaires (law & management); Corporate finance; Finance pour prise de dÃ©cision managÃ©riale; Management des opÃ©rations et de la supply chain; Marketing management; Projet de crÃ©ation d'entreprise.

- A2 - Programme Grandes Ecoles (EM Lyon)
Cours : Management stratÃ©gique; StratÃ©gie corporate & croissance; Global strategies; DÃ©buter sa carriÃ¨re dans le conseil; MÃ©thodes et outils du conseil; Maitriser les fondamentaux de l'analyse financiÃ¨re; Gouvernement des entreprises; 
Business Analyst Toolbelt (maitrise des outils Excel; Tableau; MySQL)";2018 - 2021;Sciences Po Lyon;https://www.linkedin.com/company/15104750/;Licence & Master Affaires Publiques;2015 - 2020;Mr;+33 1 56 57 58 59;;;;;;;;;www.pwc.fr;;http://www.pwc.fr;Travail dâ€™Ã©quipe, Microsoft Office, Management, RÃ©seaux sociaux, Parler en public, Marketing, Espagnol, FranÃ§ais, Portugais, Garde d'enfants, Gestion de projet, Anglais, DÃ©veloppement commercial, Retouche de photo, Leadership dâ€™Ã©quipe, Gestion du temps, Gestion dâ€™Ã©quipe, Relations avec les employÃ©s, Team Building, Planification de projets, Planification dâ€™Ã©vÃ¨nements, Consulting, Politique publique, Communication;Travail dâ€™Ã©quipe;5.0;Microsoft Office;4.0;Management;4;RÃ©seaux sociaux;3.0;Parler en public;3.0;Marketing;3.0;https://www.linkedin.com/in/charles-delaye/;charles-delaye;2022-12-19T17:11:43.059Z;;"""Lâ€™offre de formation de Sciences Po Lyon permet Ã  chaque Ã©tudiant de construire un parcours Ã  la mesure de ses ambitions et de mÃ»rir un projet professionnel personnalisÃ©. Les cinq annÃ©es dâ€™Ã©tudes sâ€™articulent autour dâ€™un 1er cycle gÃ©nÃ©raliste en trois ans et dâ€™un second cycle de spÃ©cialisation et de professionnalisation intÃ©grant notamment un programme de Masters"" (www.sciencespo-lyon.fr)

Principaux cours : 

- Analyse des politiques publiques
- Politique Ã©conomique et mondialisation
- Dynamique de l'ordre juridique international
- ThÃ©ories et doctrines Ã©conomiques
- GÃ©opolitique contemporaine
- ThÃ©orie des organisations";charles.delaye@fr.pwc.com;nominative@pro;;
5;https://www.linkedin.com/in/nathan-gomez/;nathan.gomez.bba@edhec.com;Key Account Strategist EMEA @Criteo;Paris, ÃŽle-de-France, France;https://media.licdn.com/dms/image/C5603AQGyp2dscc6f0g/profile-displayphoto-shrink_800_800/0/1542053525376?e=1677110400&v=beta&t=GzEnP2ZTpOO_-fLIe3MMfC4tU_jQF45wq0f8GcxMKgY;Nathan;Gomez;Nathan Gomez;;1er;ACoAAB6jlvcB0LnATfkapAZSOgJCMbgKg2vuHXg;514037495;https://www.linkedin.com/sales/people/ACoAAB6jlvcB0LnATfkapAZSOgJCMbgKg2vuHXg,name;;https://www.linkedin.com/search/results/people/?facetConnectionOf=%5B%22ACoAAB6jlvcB0LnATfkapAZSOgJCMbgKg2vuHXg%22%5D&facetNetwork=%5B%22F%22%2C%22S%22%5D&origin=MEMBER_PROFILE_CANNED_SEARCH;https://www.linkedin.com/search/results/people/?facetNetwork=%5B%22F%22%5D&facetConnectionOf=%5B%22ACoAAB6jlvcB0LnATfkapAZSOgJCMbgKg2vuHXg%22%5D&origin=MEMBER_PROFILE_CANNED_SEARCH&RESULT_TYPE=PEOPLE;25Â relations en communÂ : Charles Delaye, Martyna PAWELA et 23Â autres personnes;nathan.gomez.bba@edhec.com;Criteo;https://www.linkedin.com/company/37209/;Key Account Strategist EMEA;"Clients : La Redoute EU, Maisons du Monde EU, ManoMano EU, Franprix, Casino, BricomarchÃ©

- DÃ©velopper un portefeuille de clients Retail Grands Comptes par l'Ã©laboration des plans d'affaires stratÃ©giques, l'Ã©tude des prÃ©visions ainsi que par la mise en Å“uvre de nouvelles solutions en ligne avec les attentes et objectifs du client (10M de revenus annuels),
- Mener et coordonner une V-Team (Product, Technical, Analyst, CrÃ©as, etc..) pour proposer et construire des solutions sur mesure aux clients,
- DÃ©finir, implanter et monitorer les plans stratÃ©giques et opÃ©rationnels des clients.

- Responsible for growing a portfolio of Retail Large Customers by building strategic business plans, forecasts and implementing new solutions in line with their goals (10M yearly revenue),
- Lead and coordination of a V-Team (Product, Technical, Analyst, Marketing, ect) to build bespoke solutions for the clients and provide a best in class service,
- Defining, implanting and monitoring both strategic and tactical plans for clients.

Manager : Laura Malnar - Head of Key Accounts";;avr. 2022 - aujourdâ€™hui Â· 9Â mois;Criteo;https://www.linkedin.com/company/37209/;Junior Key Account Strategist EMEA;;Paris;oct. 2021 - mars 2022 Â· 6Â mois;NEOMA Business School;https://www.linkedin.com/company/3330082/;Master SpÃ©cialisÃ© Business Development et Clients Grands Comptes;"Le MS/MSc Business Development et Clients Grands Comptes, rÃ©alisÃ© en Alternance, traite des problÃ©matiques liÃ©es aux Clients Grands Comptes, au Business Development et Ã  la nÃ©gociation de haut niveau.
Programme classÃ© NÂ° 1 en France dans sa catÃ©gorie (Classement Eduniversal Meilleurs Masters, MS et MBA 2019 & 2020)";2019 - 2020;EDHEC Business School;https://www.linkedin.com/company/16001/;Bachelor in Business Administration (BBA);2015 - 2019;Mr;+33 1 40 40 22 90;62.02A;Conseil en systÃ¨mes et logiciels informatiques;500-999;484786249.0;48478624900066.0;32 Rue Blanche;75009.0;FR26484786249;www.criteo.com;;http://www.criteo.com;Relation client, NÃ©gociation, Gestion de projet, Management, Gestion d'Ã©quipe, StratÃ©gie marketing;Relation client;9.0;NÃ©gociation;6.0;Gestion de projet;6;Management;6.0;Gestion d'Ã©quipe;5.0;StratÃ©gie marketing;1.0;https://www.linkedin.com/in/nathan-gomez/;nathan-gomez;2022-12-19T17:12:17.976Z;;AccrÃ©ditations : AACSB, AMBA, EQUIS;n.gomez@criteo.com;nominative@pro;;
6;https://www.linkedin.com/in/theogarnier/;theo-garnier@outlook.com;Sales @PayFit ;France;https://media.licdn.com/dms/image/C4E03AQHbYlXQkA9CDA/profile-displayphoto-shrink_800_800/0/1664207050216?e=1677110400&v=beta&t=a-Jy9KWa1nCyqTHNu66tefQc0qQty_K79DB4DSWVg-E;Theo;Garnier;Theo Garnier;;1er;ACoAACM3AQABHo1hb2TBnJoPfqIErZ97gcQ038I;590807296;https://www.linkedin.com/sales/people/ACoAACM3AQABHo1hb2TBnJoPfqIErZ97gcQ038I,name;;https://www.linkedin.com/search/results/people/?facetConnectionOf=%5B%22ACoAACM3AQABHo1hb2TBnJoPfqIErZ97gcQ038I%22%5D&facetNetwork=%5B%22F%22%2C%22S%22%5D&origin=MEMBER_PROFILE_CANNED_SEARCH;https://www.linkedin.com/search/results/people/?facetNetwork=%5B%22F%22%5D&facetConnectionOf=%5B%22ACoAACM3AQABHo1hb2TBnJoPfqIErZ97gcQ038I%22%5D&origin=MEMBER_PROFILE_CANNED_SEARCH&RESULT_TYPE=PEOPLE;;theo-garnier@outlook.com;PayFit France;https://www.linkedin.com/company/6436622/;Sales Development Representative (SDR);;Ville de Paris, ÃŽle-de-France, France;mars 2022 - aujourdâ€™hui Â· 10Â mois;Margo;https://www.linkedin.com/company/1315545/;Business Manager;;Ville de Paris, ÃŽle-de-France, France;sept. 2021 - fÃ©vr. 2022 Â· 6Â mois;UniversitÃ© Paris Dauphine- PSL;https://www.linkedin.com/company/15092700/;Master 2 (M2), Corporate finance;;2020 - 2021;University of California, Irvine - The Paul Merage School of Business;https://www.linkedin.com/company/2081551/;International Business Operations and Management;2019 - 2020;Mr;;62.01Z;Programmation informatique;20-49;813487899.0;81348789900045.0;75 Rue de Tocqueville;75017.0;FR66813487899;www.payfit.com;;https://payfit.com;Analyse financiÃ¨re, Gestion des opÃ©rations, Management, Finance dâ€™entreprise, Finance, StratÃ©gie, StratÃ©gie marketing, Gestion des risques, Microsoft Office, Microsoft Excel, Communication, Travail dâ€™Ã©quipe, Leadership, Anglais;Analyse financiÃ¨re;1.0;Gestion des opÃ©rations;1.0;Management;1;Finance dâ€™entreprise;;Finance;;StratÃ©gie;;https://www.linkedin.com/in/theogarnier/;theogarnier;2022-12-19T17:12:51.455Z;;;theo.garnier@payfit.com;nominative@pro;;
7;https://www.linkedin.com/in/victoralexandrian/;victor.alexandrian@gmail.com;COO I Operations & Growth;Paris, ÃŽle-de-France, France;https://media.licdn.com/dms/image/D4E03AQF-eRR8zGy0Bw/profile-displayphoto-shrink_800_800/0/1661958292228?e=1677110400&v=beta&t=OYO6z7oCDnEwMDRl56QxOk2j__5Qvn3ZXWqcDFrfUDw;Victor;Alexandrian;Victor Alexandrian;2803.0;1er;ACoAABcBvEIB9dzfDiP2cloSas8I0jC7vEU425Y;385989698;https://www.linkedin.com/sales/people/ACoAABcBvEIB9dzfDiP2cloSas8I0jC7vEU425Y,name;;https://www.linkedin.com/search/results/people/?facetConnectionOf=%5B%22ACoAABcBvEIB9dzfDiP2cloSas8I0jC7vEU425Y%22%5D&facetNetwork=%5B%22F%22%2C%22S%22%5D&origin=MEMBER_PROFILE_CANNED_SEARCH;https://www.linkedin.com/search/results/people/?facetNetwork=%5B%22F%22%5D&facetConnectionOf=%5B%22ACoAABcBvEIB9dzfDiP2cloSas8I0jC7vEU425Y%22%5D&origin=MEMBER_PROFILE_CANNED_SEARCH&RESULT_TYPE=PEOPLE;26Â relations en communÂ : Amaury Lepel Cointet, Lancelot Morin et 24Â autres personnes;victor.alexandrian@gmail.com;Get Scalability;https://www.linkedin.com/company/71230099/;COO & Growth Expert;;;juin 2022 - aujourdâ€™hui Â· 7Â mois;Mobile Club;https://www.linkedin.com/company/10136700/;Operations Manager;"ðŸ¥·Created the in-house automated collection flow (analysis of â€œfailed objectsâ€, selection and scheduling of new debits and triggering of multiple assets).
ðŸ§‘â€ðŸš’Conducted the internalization of our insurance program.
ðŸ“±Created a in-house model and take our 1st inventory of our fleet. 
ðŸ› Built the in-house grading guide device.
ðŸ“‰Conducted a mobile deprecation study and shifted the original rule.
ðŸŒˆManaged a team of 3 people";;aoÃ»t 2020 - juil. 2022 Â· 2Â ans;emlyon business school;https://www.linkedin.com/company/18361/;Msc in Management/ Programme Grande Ecole- IDEA;"Quality accreditation from :
-VISA (Reconnaissance Ministerial)
-EQUIS (European Quality Improvement System)
-AMBA (Association of MBAs)
-AACSB (Association to Advance Collegiate Schools of Business)";2016 - 2019;Ã‰cole Centrale de Lyon;https://www.linkedin.com/company/34796/;Msc IDEA;2017 - 2019;Mr;+33 6 74 27 31 38;;;;;;;;;www.getscalability.io;;http://www.getscalability.io;Management, Gestion de projet, Travail d'Ã©quipe, Marketing, StratÃ©gie marketing, Microsoft Excel, Gestion des risques, Microsoft Word, Microsoft Office, Vente, Analyse financiÃ¨re, Finance, PowerPoint, Financial Analysis, RÃ©seaux sociaux, ComptabilitÃ©;Management;19.0;Gestion de projet;18.0;Travail d'Ã©quipe;14;Marketing;11.0;StratÃ©gie marketing;11.0;Microsoft Excel;10.0;https://www.linkedin.com/in/victoralexandrian/;victoralexandrian;2022-12-19T17:13:22.589Z;33674273138.0;Innovation-Design thinking -Entrepreneurship-Arts-Mechanics -Industrial engineering -Alternative energies -Composite Materials;victor@getscalability.io;nominative@pro;getscalability.io;"ðŸ´â€â˜ ï¸ Salut je suis Victor, 


Jâ€™aide des startup/scaleup Ã  obtenir des demo commercial grÃ¢ce au cold e-mail automatisÃ©. 

Avant Ã§a : 

ðŸ’ @Wowberry : +2500 clients sans aucune publicitÃ© avec un Ecommerce B2C 

ðŸ‘” @KPMG : +20 clients en tant que consultant tech et innovation

ðŸ“±@mobile.club : 2 ans pour gÃ©rer et dÃ©velopper les opÃ©rations

ðŸ’» +500 ordinateurs en achat/revente quand jâ€™Ã©tais au lycÃ©e 


âœŒï¸ victor@getscalability.io


keywords : Operations, Automation, Entrepreneurship, Co-founder, Growth, B2B, Outbound, Sales, Lead Generation, CRM, HubSpot, Salesforce, zapier, n8n, Ecommerce, DNVB, Saas, Renting, Novel food "
